,date,currency_source,currency,value
0,2023-01-01,USD,AED,3.672635
1,2023-01-01,USD,AFN,87.49408
2,2023-01-01,USD,ALL,107.150283
3,2023-01-01,USD,AMD,393.731324
4,2023-01-01,USD,ANG,1.802385
5,2023-01-01,USD,AOA,503.690999
6,2023-01-01,USD,ARS,176.728445
7,2023-01-01,USD,AUD,1.46638
8,2023-01-01,USD,AWG,1.8
9,2023-01-01,USD,AZN,1.700045
10,2023-01-01,USD,BAM,1.832031
11,2023-01-01,USD,BBD,2.019174
12,2023-01-01,USD,BDT,103.159191
13,2023-01-01,USD,BGN,1.827155
14,2023-01-01,USD,BHD,0.37658
15,2023-01-01,USD,BIF,2062.0
16,2023-01-01,USD,BMD,1.0
17,2023-01-01,USD,BND,1.34029
18,2023-01-01,USD,BOB,6.910305
19,2023-01-01,USD,BRL,5.286699
20,2023-01-01,USD,BSD,1.000033
21,2023-01-01,USD,BTC,6.0217375e-05
22,2023-01-01,USD,BTN,82.580068
23,2023-01-01,USD,BWP,12.755638
24,2023-01-01,USD,BYN,2.524225
25,2023-01-01,USD,BYR,19600.0
26,2023-01-01,USD,BZD,2.01584
27,2023-01-01,USD,CAD,1.353395
28,2023-01-01,USD,CDF,2029.99989
29,2023-01-01,USD,CHF,0.92395
30,2023-01-01,USD,CLF,0.03075
31,2023-01-01,USD,CLP,848.250029
32,2023-01-01,USD,CNY,6.897897
33,2023-01-01,USD,CNH,6.92034
34,2023-01-01,USD,COP,4848.67
35,2023-01-01,USD,CRC,591.730443
36,2023-01-01,USD,CUC,1.0
37,2023-01-01,USD,CUP,26.5
38,2023-01-01,USD,CVE,103.298862
39,2023-01-01,USD,CZK,22.52401
40,2023-01-01,USD,DJF,177.719972
41,2023-01-01,USD,DKK,6.949525
42,2023-01-01,USD,DOP,56.25032
43,2023-01-01,USD,DZD,137.17938
44,2023-01-01,USD,EGP,24.752919
45,2023-01-01,USD,ERN,15.0
46,2023-01-01,USD,ETB,53.649762
47,2023-01-01,USD,EUR,0.934185
48,2023-01-01,USD,FJD,2.222498
49,2023-01-01,USD,FKP,0.826337
50,2023-01-01,USD,GBP,0.826446
51,2023-01-01,USD,GEL,2.703721
52,2023-01-01,USD,GGP,0.826337
53,2023-01-01,USD,GHS,10.149612
54,2023-01-01,USD,GIP,0.826337
55,2023-01-01,USD,GMD,61.94977
56,2023-01-01,USD,GNF,8769.999776
57,2023-01-01,USD,GTQ,7.84819
58,2023-01-01,USD,GYD,209.232614
59,2023-01-01,USD,HKD,7.801749
60,2023-01-01,USD,HNL,24.70015
61,2023-01-01,USD,HRK,7.0422
62,2023-01-01,USD,HTG,148.006913
63,2023-01-01,USD,HUF,373.36698
64,2023-01-01,USD,IDR,15538.5
65,2023-01-01,USD,ILS,3.527898
66,2023-01-01,USD,IMP,0.826337
67,2023-01-01,USD,INR,82.75005
68,2023-01-01,USD,IQD,1460.5
69,2023-01-01,USD,IRR,41850.000209
70,2023-01-01,USD,ISK,141.549885
71,2023-01-01,USD,JEP,0.826337
72,2023-01-01,USD,JMD,151.711896
73,2023-01-01,USD,JOD,0.709301
74,2023-01-01,USD,JPY,130.919826
75,2023-01-01,USD,KES,123.499621
76,2023-01-01,USD,KGS,85.679943
77,2023-01-01,USD,KHR,4118.497201
78,2023-01-01,USD,KMF,460.224984
79,2023-01-01,USD,KPW,899.999994
80,2023-01-01,USD,KRW,1261.909645
81,2023-01-01,USD,KWD,0.30635
82,2023-01-01,USD,KYD,0.833419
83,2023-01-01,USD,KZT,462.857143
84,2023-01-01,USD,LAK,17340.000067
85,2023-01-01,USD,LBP,1522.503496
86,2023-01-01,USD,LKR,367.529437
87,2023-01-01,USD,LRD,154.504446
88,2023-01-01,USD,LSL,17.010251
89,2023-01-01,USD,LTL,2.95274
90,2023-01-01,USD,LVL,0.60489
91,2023-01-01,USD,LYD,4.825011
92,2023-01-01,USD,MAD,10.43875
93,2023-01-01,USD,MDL,19.160087
94,2023-01-01,USD,MGA,4479.999951
95,2023-01-01,USD,MKD,57.712212
96,2023-01-01,USD,MMK,2100.167396
97,2023-01-01,USD,MNT,3448.169317
98,2023-01-01,USD,MOP,8.027877
99,2023-01-01,USD,MRU,36.799986
100,2023-01-01,USD,MUR,43.950024
101,2023-01-01,USD,MVR,15.401869
102,2023-01-01,USD,MWK,1024.466171
103,2023-01-01,USD,MXN,19.496875
104,2023-01-01,USD,MYR,4.40501
105,2023-01-01,USD,MZN,63.82954
106,2023-01-01,USD,NAD,17.010149
107,2023-01-01,USD,NGN,448.080051
108,2023-01-01,USD,NIO,36.400356
109,2023-01-01,USD,NOK,9.788197
110,2023-01-01,USD,NPR,132.128371
111,2023-01-01,USD,NZD,1.573642
112,2023-01-01,USD,OMR,0.384958
113,2023-01-01,USD,PAB,1.000066
114,2023-01-01,USD,PEN,3.803975
115,2023-01-01,USD,PGK,3.519421
116,2023-01-01,USD,PHP,55.680156
117,2023-01-01,USD,PKR,226.550018
118,2023-01-01,USD,PLN,4.373947
119,2023-01-01,USD,PYG,7364.289528
120,2023-01-01,USD,QAR,3.64075
121,2023-01-01,USD,RON,4.63494
122,2023-01-01,USD,RSD,109.58009
123,2023-01-01,USD,RUB,73.750269
124,2023-01-01,USD,RWF,1070.0
125,2023-01-01,USD,SAR,3.760901
126,2023-01-01,USD,SBD,8.278288
127,2023-01-01,USD,SCR,13.405775
128,2023-01-01,USD,SDG,571.492933
129,2023-01-01,USD,SEK,10.42379
130,2023-01-01,USD,SGD,1.338976
131,2023-01-01,USD,SHP,1.377398
132,2023-01-01,USD,SLE,18.85505
133,2023-01-01,USD,SLL,18825.000519
134,2023-01-01,USD,SOS,569.500523
135,2023-01-01,USD,SRD,31.809031
136,2023-01-01,USD,STD,20697.981008
137,2023-01-01,USD,SVC,8.751124
138,2023-01-01,USD,SYP,2512.527043
139,2023-01-01,USD,SZL,17.00989
140,2023-01-01,USD,THB,34.611502
141,2023-01-01,USD,TJS,10.19597
142,2023-01-01,USD,TMT,3.5
143,2023-01-01,USD,TND,3.1085
144,2023-01-01,USD,TOP,2.34125
145,2023-01-01,USD,TRY,18.691295
146,2023-01-01,USD,TTD,6.796026
147,2023-01-01,USD,TWD,30.662802
148,2023-01-01,USD,TZS,2331.999749
149,2023-01-01,USD,UAH,36.751623
150,2023-01-01,USD,UGX,3720.217883
151,2023-01-01,USD,UYU,39.967963
152,2023-01-01,USD,UZS,11254.999749
153,2023-01-01,USD,VES,17.095799
154,2023-01-01,USD,VND,23635.0
155,2023-01-01,USD,VUV,117.236648
156,2023-01-01,USD,WST,2.696122
157,2023-01-01,USD,XAF,614.462357
158,2023-01-01,USD,XAG,0.041736
159,2023-01-01,USD,XAU,0.000548
160,2023-01-01,USD,XCD,2.70255
161,2023-01-01,USD,XDR,0.751548
162,2023-01-01,USD,XOF,615.508119
163,2023-01-01,USD,XPF,111.950194
164,2023-01-01,USD,YER,250.302768
165,2023-01-01,USD,ZAR,16.989425
166,2023-01-01,USD,ZMK,9001.196938
167,2023-01-01,USD,ZMW,18.11118
168,2023-01-01,USD,ZWL,321.999592
